Date,Close
1/2/2014 16:00:00,42.99
1/3/2014 16:00:00,43.19
1/6/2014 16:00:00,43.28
1/7/2014 16:00:00,42.85
1/8/2014 16:00:00,42.36
1/9/2014 16:00:00,42.16
1/10/2014 16:00:00,41.98
1/13/2014 16:00:00,41.53
1/14/2014 16:00:00,42.33
1/15/2014 16:00:00,42.45
1/16/2014 16:00:00,41.25
1/17/2014 16:00:00,41.01
1/21/2014 16:00:00,41.37
1/22/2014 16:00:00,42.25
1/23/2014 16:00:00,40.84
1/24/2014 16:00:00,39.57
1/27/2014 16:00:00,39.36
1/28/2014 16:00:00,40.07
1/29/2014 16:00:00,39.22
1/30/2014 16:00:00,39.51
1/31/2014 16:00:00,39.48
2/3/2014 16:00:00,38.91
2/4/2014 16:00:00,38.23
2/5/2014 16:00:00,38.66
2/6/2014 16:00:00,39.11
2/7/2014 16:00:00,39.89
2/10/2014 16:00:00,40.11
2/11/2014 16:00:00,40.53
2/12/2014 16:00:00,40.65
2/13/2014 16:00:00,40.67
2/14/2014 16:00:00,40.78
2/18/2014 16:00:00,40.53
2/19/2014 16:00:00,39.95
2/20/2014 16:00:00,40.12
2/21/2014 16:00:00,39.99
2/24/2014 16:00:00,40.16
2/25/2014 16:00:00,40.39
2/26/2014 16:00:00,40.39
2/27/2014 16:00:00,39.89
2/28/2014 16:00:00,40.6
3/3/2014 16:00:00,39.88
3/4/2014 16:00:00,40.7
3/5/2014 16:00:00,40.67
3/6/2014 16:00:00,40.94
3/7/2014 16:00:00,41.33
3/10/2014 16:00:00,42.45
3/11/2014 16:00:00,42.45
3/12/2014 16:00:00,42.93
3/13/2014 16:00:00,42.4
3/14/2014 16:00:00,42.51
3/17/2014 16:00:00,42.56
3/18/2014 16:00:00,42.93
3/19/2014 16:00:00,42.66
3/20/2014 16:00:00,42.7
3/21/2014 16:00:00,42.67
3/24/2014 16:00:00,42.3
3/25/2014 16:00:00,42.41
3/26/2014 16:00:00,42.7
3/27/2014 16:00:00,43.1
3/28/2014 16:00:00,43.21
3/31/2014 16:00:00,43.39
4/1/2014 16:00:00,43.43
4/2/2014 16:00:00,43.43
4/3/2014 16:00:00,43.15
4/4/2014 16:00:00,43.05
4/7/2014 16:00:00,43.6
4/8/2014 16:00:00,43.53
4/9/2014 16:00:00,44.38
4/10/2014 16:00:00,44.17
4/11/2014 16:00:00,44.41
4/14/2014 16:00:00,44.69
4/15/2014 16:00:00,44.27
4/16/2014 16:00:00,45.02
4/17/2014 16:00:00,45.04
4/21/2014 16:00:00,44.89
4/22/2014 16:00:00,44.61
4/23/2014 16:00:00,44.73
4/24/2014 16:00:00,44.63
4/25/2014 16:00:00,44.42
4/28/2014 16:00:00,44.38
4/29/2014 16:00:00,43.23
4/30/2014 16:00:00,43.73
5/1/2014 16:00:00,43.24
5/2/2014 16:00:00,43.55
5/5/2014 16:00:00,43.41
5/6/2014 16:00:00,43.14
5/7/2014 16:00:00,44.27
5/8/2014 16:00:00,44.07
5/9/2014 16:00:00,44.39
5/12/2014 16:00:00,44.67
5/13/2014 16:00:00,44.31
5/14/2014 16:00:00,43.85
5/15/2014 16:00:00,43.53
5/16/2014 16:00:00,43.82
5/19/2014 16:00:00,43.89
5/20/2014 16:00:00,43.33
5/21/2014 16:00:00,43.86
5/22/2014 16:00:00,43.65
5/23/2014 16:00:00,43.56
5/27/2014 16:00:00,44.32
5/28/2014 16:00:00,44.29
5/29/2014 16:00:00,44.64
5/30/2014 16:00:00,44.94
6/2/2014 16:00:00,44.85
6/3/2014 16:00:00,44.35
6/4/2014 16:00:00,44.31
6/5/2014 16:00:00,44.97
6/6/2014 16:00:00,45.18
6/9/2014 16:00:00,45.14
6/10/2014 16:00:00,45.14
6/11/2014 16:00:00,44.66
6/12/2014 16:00:00,43.47
6/13/2014 16:00:00,43.84
6/16/2014 16:00:00,44.22
6/17/2014 16:00:00,44.41
6/18/2014 16:00:00,44.43
6/19/2014 16:00:00,45.12
6/20/2014 16:00:00,44.87
6/23/2014 16:00:00,44.98
6/24/2014 16:00:00,44.28
6/25/2014 16:00:00,43.89
6/26/2014 16:00:00,43.93
6/27/2014 16:00:00,43.82
6/30/2014 16:00:00,44.11
7/1/2014 16:00:00,44.85
7/2/2014 16:00:00,45.32
7/3/2014 16:00:00,45.77
7/7/2014 16:00:00,46.5
7/8/2014 16:00:00,45.94
7/9/2014 16:00:00,46.15
7/10/2014 16:00:00,47.35
7/11/2014 16:00:00,47.85
7/14/2014 16:00:00,48.07
7/15/2014 16:00:00,47.54
7/16/2014 16:00:00,47.76
7/17/2014 16:00:00,47.32
7/18/2014 16:00:00,48.1
7/21/2014 16:00:00,48.08
7/22/2014 16:00:00,48.2
7/23/2014 16:00:00,48.29
7/24/2014 16:00:00,48.43
7/25/2014 16:00:00,48.12
7/28/2014 16:00:00,48.07
7/29/2014 16:00:00,47.57
7/30/2014 16:00:00,46.74
7/31/2014 16:00:00,46.4
8/1/2014 16:00:00,46.57
8/4/2014 16:00:00,46.95
8/5/2014 16:00:00,48.56
8/6/2014 16:00:00,48.64
8/7/2014 16:00:00,48.52
8/8/2014 16:00:00,49.04
8/11/2014 16:00:00,49.81
8/12/2014 16:00:00,49.64
8/13/2014 16:00:00,50.04
8/14/2014 16:00:00,49.97
8/15/2014 16:00:00,49.74
8/18/2014 16:00:00,49.79
8/19/2014 16:00:00,49.69
8/20/2014 16:00:00,49.8
8/21/2014 16:00:00,49.57
8/22/2014 16:00:00,49.14
8/25/2014 16:00:00,49.46
8/26/2014 16:00:00,49.2
8/27/2014 16:00:00,49.58
8/28/2014 16:00:00,49.75
8/29/2014 16:00:00,49.86
9/2/2014 16:00:00,50.06
9/3/2014 16:00:00,49.93
9/4/2014 16:00:00,50.2
9/5/2014 16:00:00,50.36
9/8/2014 16:00:00,50.53
9/9/2014 16:00:00,50.46
9/10/2014 16:00:00,50.67
9/11/2014 16:00:00,50.92
9/12/2014 16:00:00,50.41
9/15/2014 16:00:00,50.56
9/16/2014 16:00:00,51.26
9/17/2014 16:00:00,51.2
9/18/2014 16:00:00,52.06
9/19/2014 16:00:00,51.69
9/22/2014 16:00:00,51.46
9/23/2014 16:00:00,50.77
9/24/2014 16:00:00,51.46
9/25/2014 16:00:00,50.48
9/26/2014 16:00:00,50.87
9/29/2014 16:00:00,51.3
9/30/2014 16:00:00,51.1
10/1/2014 16:00:00,50.4
10/2/2014 16:00:00,50.53
10/3/2014 16:00:00,51.11
10/6/2014 16:00:00,50.59
10/7/2014 16:00:00,49.57
10/8/2014 16:00:00,48.02
10/9/2014 16:00:00,47.13
10/10/2014 16:00:00,46.36
10/13/2014 16:00:00,44.76
10/14/2014 16:00:00,43.08
10/15/2014 16:00:00,42.98
10/16/2014 16:00:00,43.17
10/17/2014 16:00:00,44.5
10/20/2014 16:00:00,45.4
10/21/2014 16:00:00,45.7
10/22/2014 16:00:00,45.76
10/23/2014 16:00:00,45.54
10/24/2014 16:00:00,45.58
10/27/2014 16:00:00,44.62
10/28/2014 16:00:00,45.69
10/29/2014 16:00:00,45.82
10/30/2014 16:00:00,46.58
10/31/2014 16:00:00,47
11/3/2014 16:00:00,47.25
11/4/2014 16:00:00,49.54
11/5/2014 16:00:00,50.31
11/6/2014 16:00:00,49.97
11/7/2014 16:00:00,50.55
11/10/2014 16:00:00,50.77
11/11/2014 16:00:00,51.12
11/12/2014 16:00:00,50.71
11/13/2014 16:00:00,50.81
11/14/2014 16:00:00,51.35
11/17/2014 16:00:00,51.99
11/18/2014 16:00:00,52.01
11/19/2014 16:00:00,52.22
11/20/2014 16:00:00,52.57
11/21/2014 16:00:00,52.71
11/24/2014 16:00:00,52.95
11/25/2014 16:00:00,52.93
11/26/2014 16:00:00,53.18
11/28/2014 16:00:00,52.68
12/1/2014 16:00:00,52.46
12/2/2014 16:00:00,53.31
12/3/2014 16:00:00,53.71
12/4/2014 16:00:00,52.78
12/5/2014 16:00:00,53.25
12/8/2014 16:00:00,52.46
12/9/2014 16:00:00,53.04
12/10/2014 16:00:00,51.27
12/11/2014 16:00:00,50.9
12/12/2014 16:00:00,49.85
12/15/2014 16:00:00,49.83
12/16/2014 16:00:00,49.32
12/17/2014 16:00:00,49.64
12/18/2014 16:00:00,51.16
12/19/2014 16:00:00,52.24
12/22/2014 16:00:00,52.72
12/23/2014 16:00:00,53.17
12/24/2014 16:00:00,53.11
12/26/2014 16:00:00,53.42
12/29/2014 16:00:00,53.13
12/30/2014 16:00:00,52.89
12/31/2014 16:00:00,52
1/2/2015 16:00:00,52.02
1/5/2015 16:00:00,50.22
1/6/2015 16:00:00,49.23
1/7/2015 16:00:00,49.97
1/8/2015 16:00:00,49.24
1/9/2015 16:00:00,48.82
1/12/2015 16:00:00,48.21
1/13/2015 16:00:00,48.28
1/14/2015 16:00:00,47.45
1/15/2015 16:00:00,47.21
1/16/2015 16:00:00,47.68
1/20/2015 16:00:00,47.2
1/21/2015 16:00:00,47.7
1/22/2015 16:00:00,48.08
1/23/2015 16:00:00,47.87
1/26/2015 16:00:00,48.29
1/27/2015 16:00:00,48.28
1/28/2015 16:00:00,47.49
1/29/2015 16:00:00,47.92
1/30/2015 16:00:00,46.63
2/2/2015 16:00:00,48.17
2/3/2015 16:00:00,48.76
2/4/2015 16:00:00,46.15
2/5/2015 16:00:00,48.68
2/6/2015 16:00:00,47.56
2/9/2015 16:00:00,47.38
2/10/2015 16:00:00,47.58
2/11/2015 16:00:00,46.92
2/12/2015 16:00:00,47.44
2/13/2015 16:00:00,48.1
2/17/2015 16:00:00,47.77
2/18/2015 16:00:00,47.71
2/19/2015 16:00:00,47.78
2/20/2015 16:00:00,48.15
2/23/2015 16:00:00,48.26
2/24/2015 16:00:00,48.65
2/25/2015 16:00:00,48.1
2/26/2015 16:00:00,47.55
2/27/2015 16:00:00,47.88
3/2/2015 16:00:00,47.85
3/3/2015 16:00:00,47.52
3/4/2015 16:00:00,47.08
3/5/2015 16:00:00,47.48
3/6/2015 16:00:00,46.25
3/9/2015 16:00:00,46.39
3/10/2015 16:00:00,45.52
3/11/2015 16:00:00,45.5
3/12/2015 16:00:00,46.64
3/13/2015 16:00:00,46.3
3/16/2015 16:00:00,46.49
3/17/2015 16:00:00,46.25
3/18/2015 16:00:00,47.17
3/19/2015 16:00:00,46.49
3/20/2015 16:00:00,46.95
3/23/2015 16:00:00,47.13
3/24/2015 16:00:00,46.96
3/25/2015 16:00:00,46.71
3/26/2015 16:00:00,46.3
3/27/2015 16:00:00,46.46
3/30/2015 16:00:00,47.42
3/31/2015 16:00:00,47.4
4/1/2015 16:00:00,47.43
4/2/2015 16:00:00,47.35
4/6/2015 16:00:00,48.33
4/7/2015 16:00:00,48.16
4/8/2015 16:00:00,48.33
4/9/2015 16:00:00,47.9
4/10/2015 16:00:00,47.96
4/13/2015 16:00:00,47.88
4/14/2015 16:00:00,48.01
4/15/2015 16:00:00,48.4
4/16/2015 16:00:00,48.3
4/17/2015 16:00:00,48.28
4/20/2015 16:00:00,48.3
4/21/2015 16:00:00,47.94
4/22/2015 16:00:00,48.1
4/23/2015 16:00:00,48.27
4/24/2015 16:00:00,48.21
4/27/2015 16:00:00,48.61
4/28/2015 16:00:00,48.78
4/29/2015 16:00:00,48.95
4/30/2015 16:00:00,48.88
5/1/2015 16:00:00,49.78
5/4/2015 16:00:00,50.32
5/5/2015 16:00:00,50.35
5/6/2015 16:00:00,49.94
5/7/2015 16:00:00,50.32
5/8/2015 16:00:00,51.25
5/11/2015 16:00:00,51.6
5/12/2015 16:00:00,51.92
5/13/2015 16:00:00,52.16
5/14/2015 16:00:00,52.88
5/15/2015 16:00:00,53.04
5/18/2015 16:00:00,53.13
5/19/2015 16:00:00,52.52
5/20/2015 16:00:00,52.43
5/21/2015 16:00:00,52.92
5/22/2015 16:00:00,52.67
5/26/2015 16:00:00,52.15
5/27/2015 16:00:00,53.17
5/28/2015 16:00:00,52.66
5/29/2015 16:00:00,52.85
6/1/2015 16:00:00,53.03
6/2/2015 16:00:00,52.76
6/3/2015 16:00:00,52.46
6/4/2015 16:00:00,51.39
6/5/2015 16:00:00,51.01
6/8/2015 16:00:00,51.01
6/9/2015 16:00:00,51.01
6/10/2015 16:00:00,52.21
6/11/2015 16:00:00,52.06
6/12/2015 16:00:00,51.91
6/15/2015 16:00:00,51.27
6/16/2015 16:00:00,51.45
6/17/2015 16:00:00,50.94
6/18/2015 16:00:00,51.37
6/19/2015 16:00:00,51.5
6/22/2015 16:00:00,51.99
6/23/2015 16:00:00,52
6/24/2015 16:00:00,51.45
6/25/2015 16:00:00,50.7
6/26/2015 16:00:00,49.57
6/29/2015 16:00:00,48.45
6/30/2015 16:00:00,48.22
7/1/2015 16:00:00,48.64
7/2/2015 16:00:00,48.65
7/6/2015 16:00:00,48.09
7/7/2015 16:00:00,48.14
7/8/2015 16:00:00,47.51
7/9/2015 16:00:00,47.09
7/10/2015 16:00:00,47.21
7/13/2015 16:00:00,47.5
7/14/2015 16:00:00,47.79
7/15/2015 16:00:00,47.46
7/16/2015 16:00:00,47.85
7/17/2015 16:00:00,48.02
7/20/2015 16:00:00,48.04
7/21/2015 16:00:00,47.49
7/22/2015 16:00:00,47.68
7/23/2015 16:00:00,48.02
7/24/2015 16:00:00,47.19
7/27/2015 16:00:00,47.26
7/28/2015 16:00:00,48.35
7/29/2015 16:00:00,48.13
7/30/2015 16:00:00,47.82
7/31/2015 16:00:00,47.42
8/3/2015 16:00:00,47.7
8/4/2015 16:00:00,48.41
8/5/2015 16:00:00,48.22
8/6/2015 16:00:00,47.95
8/7/2015 16:00:00,46.42
8/10/2015 16:00:00,46.53
8/11/2015 16:00:00,46.07
8/12/2015 16:00:00,46.89
8/13/2015 16:00:00,47.51
8/14/2015 16:00:00,47.2
8/17/2015 16:00:00,47.51
8/18/2015 16:00:00,47.68
8/19/2015 16:00:00,46.72
8/20/2015 16:00:00,46.2
8/21/2015 16:00:00,45.12
8/24/2015 16:00:00,43.55
8/25/2015 16:00:00,43.01
8/26/2015 16:00:00,43.99
8/27/2015 16:00:00,44.83
8/28/2015 16:00:00,44.65
8/31/2015 16:00:00,44.99
9/1/2015 16:00:00,43.34
9/2/2015 16:00:00,43.62
9/3/2015 16:00:00,43.75
9/4/2015 16:00:00,42.9
9/8/2015 16:00:00,43.7
9/9/2015 16:00:00,42.99
9/10/2015 16:00:00,43.06
9/11/2015 16:00:00,42.82
9/14/2015 16:00:00,42.93
9/15/2015 16:00:00,43.47
9/16/2015 16:00:00,44.19
9/17/2015 16:00:00,44.25
9/18/2015 16:00:00,43.23
9/21/2015 16:00:00,43.38
9/22/2015 16:00:00,42.45
9/23/2015 16:00:00,42.06
9/24/2015 16:00:00,42.02
9/25/2015 16:00:00,42.5
9/28/2015 16:00:00,41.09
9/29/2015 16:00:00,41.02
9/30/2015 16:00:00,41.45
10/1/2015 16:00:00,41.46
10/2/2015 16:00:00,42.42
10/5/2015 16:00:00,43.64
10/6/2015 16:00:00,43.64
10/7/2015 16:00:00,44.31
10/8/2015 16:00:00,45.13
10/9/2015 16:00:00,45.42
10/12/2015 16:00:00,45.44
10/13/2015 16:00:00,44.92
10/14/2015 16:00:00,44.96
10/15/2015 16:00:00,45.56
10/16/2015 16:00:00,45.96
10/19/2015 16:00:00,45.97
10/20/2015 16:00:00,45.7
10/21/2015 16:00:00,45.29
10/22/2015 16:00:00,46.7
10/23/2015 16:00:00,46.89
10/26/2015 16:00:00,46.39
10/27/2015 16:00:00,46.24
10/28/2015 16:00:00,46.8
10/29/2015 16:00:00,45.53
10/30/2015 16:00:00,45.66
11/2/2015 16:00:00,46.28
11/3/2015 16:00:00,43.15
11/4/2015 16:00:00,43.02
11/5/2015 16:00:00,43.07
11/6/2015 16:00:00,42.13
11/9/2015 16:00:00,41.52
11/10/2015 16:00:00,40.63
11/11/2015 16:00:00,40.51
11/12/2015 16:00:00,38.51
11/13/2015 16:00:00,37.76
11/16/2015 16:00:00,38.24
11/17/2015 16:00:00,37.2
11/18/2015 16:00:00,37.41
11/19/2015 16:00:00,36.43
11/20/2015 16:00:00,35.83
11/23/2015 16:00:00,36.72
11/24/2015 16:00:00,36.04
11/25/2015 16:00:00,36.47
11/27/2015 16:00:00,36.46
11/30/2015 16:00:00,36.49
12/1/2015 16:00:00,36.7
12/2/2015 16:00:00,36.52
12/3/2015 16:00:00,35.61
12/4/2015 16:00:00,35.97
12/7/2015 16:00:00,35.41
12/8/2015 16:00:00,35.27
12/9/2015 16:00:00,35.41
12/10/2015 16:00:00,35.09
12/11/2015 16:00:00,34.22
12/14/2015 16:00:00,34.18
12/15/2015 16:00:00,34.86
12/16/2015 16:00:00,35.4
12/17/2015 16:00:00,34.29
12/18/2015 16:00:00,35
12/21/2015 16:00:00,35.31
12/22/2015 16:00:00,36.41
12/23/2015 16:00:00,36.68
12/24/2015 16:00:00,36.65
12/28/2015 16:00:00,36.5
12/29/2015 16:00:00,37.09
12/30/2015 16:00:00,36.88
12/31/2015 16:00:00,36.68
1/4/2016 16:00:00,35.84
1/5/2016 16:00:00,36.24
1/6/2016 16:00:00,35.36
1/7/2016 16:00:00,34.52
1/8/2016 16:00:00,34.39
1/11/2016 16:00:00,34.16
1/12/2016 16:00:00,34.27
1/13/2016 16:00:00,33.47
1/14/2016 16:00:00,33.36
1/15/2016 16:00:00,31.51
1/19/2016 16:00:00,30.51
1/20/2016 16:00:00,31.29
1/21/2016 16:00:00,31.92
1/22/2016 16:00:00,33.23
1/25/2016 16:00:00,32.43
1/26/2016 16:00:00,33.63
1/27/2016 16:00:00,33.74
1/28/2016 16:00:00,34.7
1/29/2016 16:00:00,35.35
2/1/2016 16:00:00,35.46
2/2/2016 16:00:00,32.36
2/3/2016 16:00:00,33.44
2/4/2016 16:00:00,34.25
2/5/2016 16:00:00,34.07
2/8/2016 16:00:00,33.3
2/9/2016 16:00:00,33.58
2/10/2016 16:00:00,33.18
2/11/2016 16:00:00,31.63
2/12/2016 16:00:00,32.45
2/16/2016 16:00:00,33.62
2/17/2016 16:00:00,33.4
2/18/2016 16:00:00,33.9
2/19/2016 16:00:00,32.65
2/22/2016 16:00:00,33.79
2/23/2016 16:00:00,33.79
2/24/2016 16:00:00,33.85
2/25/2016 16:00:00,34.62
2/26/2016 16:00:00,34.79
2/29/2016 16:00:00,34.96
3/1/2016 16:00:00,35.48
3/2/2016 16:00:00,35.83
3/3/2016 16:00:00,36.83
3/4/2016 16:00:00,37.65
3/7/2016 16:00:00,37.14
3/8/2016 16:00:00,36.03
3/9/2016 16:00:00,36.06
3/10/2016 16:00:00,35.77
3/11/2016 16:00:00,36.6
3/14/2016 16:00:00,36.71
3/15/2016 16:00:00,36.56
3/16/2016 16:00:00,37.46
3/17/2016 16:00:00,38.2
3/18/2016 16:00:00,38.07
3/21/2016 16:00:00,38.17
3/22/2016 16:00:00,37.61
3/23/2016 16:00:00,36.6
3/24/2016 16:00:00,36.47
3/28/2016 16:00:00,36.35
3/29/2016 16:00:00,36.87
3/30/2016 16:00:00,36.62
3/31/2016 16:00:00,36.31
4/1/2016 16:00:00,36.47
4/4/2016 16:00:00,36.04
4/5/2016 16:00:00,35.11
4/6/2016 16:00:00,35.54
4/7/2016 16:00:00,35.72
4/8/2016 16:00:00,36.09
4/11/2016 16:00:00,36
4/12/2016 16:00:00,36.83
4/13/2016 16:00:00,37.14
4/14/2016 16:00:00,36.59
4/15/2016 16:00:00,37.3
4/18/2016 16:00:00,37.71
4/19/2016 16:00:00,38.23
4/20/2016 16:00:00,38.87
4/21/2016 16:00:00,38.35
4/22/2016 16:00:00,39.62
4/25/2016 16:00:00,39.26
4/26/2016 16:00:00,39.73
4/27/2016 16:00:00,39.91
4/28/2016 16:00:00,40.07
4/29/2016 16:00:00,39.94
5/2/2016 16:00:00,40.26
5/3/2016 16:00:00,39.1
5/4/2016 16:00:00,38.72
5/5/2016 16:00:00,38.08
5/6/2016 16:00:00,38.2
5/9/2016 16:00:00,37.73
5/10/2016 16:00:00,38.4
5/11/2016 16:00:00,37.96
5/12/2016 16:00:00,38.54
5/13/2016 16:00:00,37.63
5/16/2016 16:00:00,37.65
5/17/2016 16:00:00,37.49
5/18/2016 16:00:00,37.51
5/19/2016 16:00:00,38.37
5/20/2016 16:00:00,39.83
5/23/2016 16:00:00,40.44
5/24/2016 16:00:00,42.05
5/25/2016 16:00:00,42.48
5/26/2016 16:00:00,43.07
5/27/2016 16:00:00,43.23
5/31/2016 16:00:00,42.77
6/1/2016 16:00:00,42.83
6/2/2016 16:00:00,43.47
6/3/2016 16:00:00,43.6
6/6/2016 16:00:00,43.67
6/7/2016 16:00:00,43.66
6/8/2016 16:00:00,43.82
6/9/2016 16:00:00,43.83
6/10/2016 16:00:00,43.03
6/13/2016 16:00:00,41.82
6/14/2016 16:00:00,41.78
6/15/2016 16:00:00,42.15
6/16/2016 16:00:00,42.05
6/17/2016 16:00:00,42.31
6/20/2016 16:00:00,42.45
6/21/2016 16:00:00,41.94
6/22/2016 16:00:00,42
6/23/2016 16:00:00,42.71
6/24/2016 16:00:00,40.5
6/27/2016 16:00:00,39.14
6/28/2016 16:00:00,40.56
6/29/2016 16:00:00,41.58
6/30/2016 16:00:00,42.89
7/1/2016 16:00:00,42.61
7/5/2016 16:00:00,41.95
7/6/2016 16:00:00,42.12
7/7/2016 16:00:00,42.12
7/8/2016 16:00:00,43.48
7/11/2016 16:00:00,43.16
7/12/2016 16:00:00,43.29
7/13/2016 16:00:00,43.1
7/14/2016 16:00:00,43.48
7/15/2016 16:00:00,43.95
7/18/2016 16:00:00,44.25
7/19/2016 16:00:00,43.48
7/20/2016 16:00:00,43.39
7/21/2016 16:00:00,43.39
7/22/2016 16:00:00,43.72
7/25/2016 16:00:00,43.6
7/26/2016 16:00:00,43.87
7/27/2016 16:00:00,43.9
7/28/2016 16:00:00,44.94
7/29/2016 16:00:00,45.08
8/1/2016 16:00:00,44.24
8/2/2016 16:00:00,43.45
8/3/2016 16:00:00,43.93
8/4/2016 16:00:00,43.74
8/5/2016 16:00:00,44.45
8/8/2016 16:00:00,44.52
8/9/2016 16:00:00,44.38
8/10/2016 16:00:00,44.31
8/11/2016 16:00:00,43.93
8/12/2016 16:00:00,44.07
8/15/2016 16:00:00,43.77
8/16/2016 16:00:00,43.47
8/17/2016 16:00:00,43.63
8/18/2016 16:00:00,43.57
8/19/2016 16:00:00,43.48
8/22/2016 16:00:00,43.8
8/23/2016 16:00:00,44.12
8/24/2016 16:00:00,43.32
8/25/2016 16:00:00,42.56
8/26/2016 16:00:00,42.39
8/29/2016 16:00:00,42.84
8/30/2016 16:00:00,43.21
8/31/2016 16:00:00,43.76
9/1/2016 16:00:00,43.14
9/2/2016 16:00:00,43.82
9/6/2016 16:00:00,43.94
9/7/2016 16:00:00,44.02
9/8/2016 16:00:00,43.24
9/9/2016 16:00:00,42.02
9/12/2016 16:00:00,42.96
9/13/2016 16:00:00,42
9/14/2016 16:00:00,41.98
9/15/2016 16:00:00,42.28
9/16/2016 16:00:00,42.03
9/19/2016 16:00:00,42.18
9/20/2016 16:00:00,42.15
9/21/2016 16:00:00,42.81
9/22/2016 16:00:00,42.98
9/23/2016 16:00:00,42.47
9/26/2016 16:00:00,41.9
9/27/2016 16:00:00,41.89
9/28/2016 16:00:00,41.85
9/29/2016 16:00:00,41.53
9/30/2016 16:00:00,42.17
10/3/2016 16:00:00,42.9
10/4/2016 16:00:00,42.79
10/5/2016 16:00:00,43.27
10/6/2016 16:00:00,43.16
10/7/2016 16:00:00,42.65
10/10/2016 16:00:00,43.27
10/11/2016 16:00:00,42.34
10/12/2016 16:00:00,42.39
10/13/2016 16:00:00,42.25
10/14/2016 16:00:00,42.13
10/17/2016 16:00:00,41.85
10/18/2016 16:00:00,41.98
10/19/2016 16:00:00,42.22
10/20/2016 16:00:00,42.18
10/21/2016 16:00:00,42.32
10/24/2016 16:00:00,42.51
10/25/2016 16:00:00,42.53
10/26/2016 16:00:00,43.28
10/27/2016 16:00:00,43.08
10/28/2016 16:00:00,43.59
10/31/2016 16:00:00,43.57
11/1/2016 16:00:00,46.75
11/2/2016 16:00:00,47.26
11/3/2016 16:00:00,47.43
11/4/2016 16:00:00,46.92
11/7/2016 16:00:00,47.05
11/8/2016 16:00:00,47.72
11/9/2016 16:00:00,46.28
11/10/2016 16:00:00,45.18
11/11/2016 16:00:00,41.73
11/14/2016 16:00:00,42.88
11/15/2016 16:00:00,43.49
11/16/2016 16:00:00,43.26
11/17/2016 16:00:00,43
11/18/2016 16:00:00,43.49
11/21/2016 16:00:00,43.65
11/22/2016 16:00:00,43.51
11/23/2016 16:00:00,43.25
11/25/2016 16:00:00,43.55
11/28/2016 16:00:00,43.11
11/29/2016 16:00:00,42.77
11/30/2016 16:00:00,43.23
12/1/2016 16:00:00,44.31
12/2/2016 16:00:00,44
12/5/2016 16:00:00,43.9
12/6/2016 16:00:00,44.68
12/7/2016 16:00:00,45.2
12/8/2016 16:00:00,45.97
12/9/2016 16:00:00,46.56
12/12/2016 16:00:00,47.02
12/13/2016 16:00:00,46.4
12/14/2016 16:00:00,45.59
12/15/2016 16:00:00,45.74
12/16/2016 16:00:00,46.51
12/19/2016 16:00:00,46.07
12/20/2016 16:00:00,46.22
12/21/2016 16:00:00,46.13
12/22/2016 16:00:00,45.18
12/23/2016 16:00:00,45.15
12/27/2016 16:00:00,45.65
12/28/2016 16:00:00,45.34
12/29/2016 16:00:00,45.36
12/30/2016 16:00:00,45.65
1/3/2017 16:00:00,46.19
1/4/2017 16:00:00,46.11
1/5/2017 16:00:00,45.77
1/6/2017 16:00:00,44.72
1/9/2017 16:00:00,44.75
1/10/2017 16:00:00,44.46
1/11/2017 16:00:00,44.01
1/12/2017 16:00:00,43.44
1/13/2017 16:00:00,43.56
1/17/2017 16:00:00,44.69
1/18/2017 16:00:00,44.95
1/19/2017 16:00:00,44.5
1/20/2017 16:00:00,44.73
1/23/2017 16:00:00,44.71
1/24/2017 16:00:00,44.66
1/25/2017 16:00:00,45.2
1/26/2017 16:00:00,44.55
1/27/2017 16:00:00,44.52
1/30/2017 16:00:00,44.13
1/31/2017 16:00:00,44.26
2/1/2017 16:00:00,43.77
2/2/2017 16:00:00,43.99
2/3/2017 16:00:00,43.99
2/6/2017 16:00:00,44.02
2/7/2017 16:00:00,44.59
2/8/2017 16:00:00,43.46
2/9/2017 16:00:00,43.54
2/10/2017 16:00:00,43.83
2/13/2017 16:00:00,43.71
2/14/2017 16:00:00,43.73
2/15/2017 16:00:00,44.47
2/16/2017 16:00:00,44.1
2/17/2017 16:00:00,44.69
2/21/2017 16:00:00,44.81
2/22/2017 16:00:00,44.72
2/23/2017 16:00:00,45.09
2/24/2017 16:00:00,45.26
2/27/2017 16:00:00,45.37
2/28/2017 16:00:00,46.97
3/1/2017 16:00:00,46.51
3/2/2017 16:00:00,45.48
3/3/2017 16:00:00,45.2
3/6/2017 16:00:00,44.76
3/7/2017 16:00:00,44.46
3/8/2017 16:00:00,43.99
3/9/2017 16:00:00,44.42
3/10/2017 16:00:00,45.04
3/13/2017 16:00:00,44.7
3/14/2017 16:00:00,44.67
3/15/2017 16:00:00,45.01
3/16/2017 16:00:00,44.85
3/17/2017 16:00:00,44.72
3/20/2017 16:00:00,44.85
3/21/2017 16:00:00,44.95
3/22/2017 16:00:00,45.61
3/23/2017 16:00:00,45.61
3/24/2017 16:00:00,45.58
3/27/2017 16:00:00,45.35
3/28/2017 16:00:00,45.72
3/29/2017 16:00:00,46.24
3/30/2017 16:00:00,46.11
3/31/2017 16:00:00,46.04
4/3/2017 16:00:00,45.8
4/4/2017 16:00:00,45.41
4/5/2017 16:00:00,45.26
4/6/2017 16:00:00,45.25
4/7/2017 16:00:00,44.89
4/10/2017 16:00:00,44.99
4/11/2017 16:00:00,44.54
4/12/2017 16:00:00,44.65
4/13/2017 16:00:00,44.28
4/17/2017 16:00:00,44.68
4/18/2017 16:00:00,45.41
4/19/2017 16:00:00,44.6
4/20/2017 16:00:00,44.9
4/21/2017 16:00:00,44.81
4/24/2017 16:00:00,45.38
4/25/2017 16:00:00,45.58
4/26/2017 16:00:00,45.27
4/27/2017 16:00:00,45.78
4/28/2017 16:00:00,45.75
5/1/2017 16:00:00,45.73
5/2/2017 16:00:00,41.67
5/3/2017 16:00:00,41.31
5/4/2017 16:00:00,42.4
5/5/2017 16:00:00,42.43
5/8/2017 16:00:00,42.96
5/9/2017 16:00:00,42.36
5/10/2017 16:00:00,42.29
5/11/2017 16:00:00,42.03
5/12/2017 16:00:00,41.96
5/15/2017 16:00:00,42.14
5/16/2017 16:00:00,41.9
5/17/2017 16:00:00,41.52
5/18/2017 16:00:00,41.31
5/19/2017 16:00:00,41.5
5/22/2017 16:00:00,41.5
5/23/2017 16:00:00,43.04
5/24/2017 16:00:00,42.55
5/25/2017 16:00:00,42.62
5/26/2017 16:00:00,42.45
5/30/2017 16:00:00,42.11
5/31/2017 16:00:00,41.58
6/1/2017 16:00:00,41.82
6/2/2017 16:00:00,42.22
6/5/2017 16:00:00,41.94
6/6/2017 16:00:00,41.95
6/7/2017 16:00:00,41.91
6/8/2017 16:00:00,42.01
6/9/2017 16:00:00,42.02
6/12/2017 16:00:00,42.43
6/13/2017 16:00:00,42.36
6/14/2017 16:00:00,42.05
6/15/2017 16:00:00,42.36
6/16/2017 16:00:00,42.56
6/19/2017 16:00:00,42.44
6/20/2017 16:00:00,41.48
6/21/2017 16:00:00,41.25
6/22/2017 16:00:00,41.03
6/23/2017 16:00:00,41.16
6/26/2017 16:00:00,41.3
6/27/2017 16:00:00,41
6/28/2017 16:00:00,41.14
6/29/2017 16:00:00,40.63
6/30/2017 16:00:00,41.38
7/3/2017 16:00:00,41.46
7/5/2017 16:00:00,41.8
7/6/2017 16:00:00,41.1
7/7/2017 16:00:00,41.24
7/10/2017 16:00:00,40.81
7/11/2017 16:00:00,40.29
7/12/2017 16:00:00,40.9
7/13/2017 16:00:00,41.38
7/14/2017 16:00:00,41.48
7/17/2017 16:00:00,41.6
7/18/2017 16:00:00,41.18
7/19/2017 16:00:00,41.28
7/20/2017 16:00:00,41.42
7/21/2017 16:00:00,41.26
7/24/2017 16:00:00,41.38
7/25/2017 16:00:00,41.96
7/26/2017 16:00:00,41.71
7/27/2017 16:00:00,41.78
7/28/2017 16:00:00,41.78
7/31/2017 16:00:00,42.18
8/1/2017 16:00:00,43.3
8/2/2017 16:00:00,42.49
8/3/2017 16:00:00,42.62
8/4/2017 16:00:00,42.59
8/7/2017 16:00:00,42.44
8/8/2017 16:00:00,42.24
8/9/2017 16:00:00,42.49
8/10/2017 16:00:00,42.12
8/11/2017 16:00:00,41.26
8/14/2017 16:00:00,41.95
8/15/2017 16:00:00,42.05
8/16/2017 16:00:00,42.15
8/17/2017 16:00:00,41.67
8/18/2017 16:00:00,41.27
8/21/2017 16:00:00,41.56
8/22/2017 16:00:00,41.72
8/23/2017 16:00:00,41.77
8/24/2017 16:00:00,41.08
8/25/2017 16:00:00,41.75
8/28/2017 16:00:00,41.77
8/29/2017 16:00:00,41.74
8/30/2017 16:00:00,41.86
8/31/2017 16:00:00,41.32
9/1/2017 16:00:00,42.2
9/5/2017 16:00:00,41.94
9/6/2017 16:00:00,42.4
9/7/2017 16:00:00,42.59
9/8/2017 16:00:00,42.37
9/11/2017 16:00:00,42.79
9/12/2017 16:00:00,43.21
9/13/2017 16:00:00,43.29
9/14/2017 16:00:00,43.45
9/15/2017 16:00:00,43.84
9/18/2017 16:00:00,44.09
9/19/2017 16:00:00,43.89
9/20/2017 16:00:00,43.32
9/21/2017 16:00:00,43.29
9/22/2017 16:00:00,43.38
9/25/2017 16:00:00,43.57
9/26/2017 16:00:00,43.52
9/27/2017 16:00:00,43.05
9/28/2017 16:00:00,42.75
9/29/2017 16:00:00,42.51
10/2/2017 16:00:00,42.62
10/3/2017 16:00:00,42.72
10/4/2017 16:00:00,43.03
10/5/2017 16:00:00,43.35
10/6/2017 16:00:00,43
10/9/2017 16:00:00,42.61
10/10/2017 16:00:00,43.01
10/11/2017 16:00:00,43.29
10/12/2017 16:00:00,43.44
10/13/2017 16:00:00,44
10/16/2017 16:00:00,43.7
10/17/2017 16:00:00,43.67
10/18/2017 16:00:00,43.31
10/19/2017 16:00:00,43.31
10/20/2017 16:00:00,43.49
10/23/2017 16:00:00,43.57
10/24/2017 16:00:00,43.73
10/25/2017 16:00:00,43.44
10/26/2017 16:00:00,43.01
10/27/2017 16:00:00,43.07
10/30/2017 16:00:00,42.81
10/31/2017 16:00:00,40.87
11/1/2017 16:00:00,40.62
11/2/2017 16:00:00,40.16
11/3/2017 16:00:00,39.78
11/6/2017 16:00:00,39.27
11/7/2017 16:00:00,39.54
11/8/2017 16:00:00,39.8
11/9/2017 16:00:00,39.6
11/10/2017 16:00:00,39.93
11/13/2017 16:00:00,39.74
11/14/2017 16:00:00,39.79
11/15/2017 16:00:00,38.96
11/16/2017 16:00:00,39.19
11/17/2017 16:00:00,39.42
11/20/2017 16:00:00,39.2
11/21/2017 16:00:00,39.34
11/22/2017 16:00:00,39.24
11/24/2017 13:00:00,39.14
11/27/2017 16:00:00,39.07
11/28/2017 16:00:00,39.09
11/29/2017 16:00:00,39.77
11/30/2017 16:00:00,39.88
12/1/2017 16:00:00,40.83
12/4/2017 16:00:00,41.2
12/5/2017 16:00:00,40.84
12/6/2017 16:00:00,41.22
12/7/2017 16:00:00,41.31
12/8/2017 16:00:00,41.51
12/11/2017 16:00:00,41.9
12/12/2017 16:00:00,41.77
12/13/2017 16:00:00,40.05
12/14/2017 16:00:00,39.57
12/15/2017 16:00:00,40.56
12/18/2017 16:00:00,40.22
12/19/2017 16:00:00,40.13
12/20/2017 16:00:00,39.87
12/21/2017 16:00:00,40.09
12/22/2017 16:00:00,40.19
12/26/2017 16:00:00,40.26
12/27/2017 16:00:00,40.24
12/28/2017 16:00:00,40.27
12/29/2017 16:00:00,40.08
1/2/2018 16:00:00,40.09
1/3/2018 16:00:00,39.78
1/4/2018 16:00:00,40.45
1/5/2018 16:00:00,40.18
1/8/2018 16:00:00,40.09
1/9/2018 16:00:00,40.22
1/10/2018 16:00:00,39.91
1/11/2018 16:00:00,40.56
1/12/2018 16:00:00,40.5
1/16/2018 16:00:00,40.78
1/17/2018 16:00:00,40.91
1/18/2018 16:00:00,40.48
1/19/2018 16:00:00,40.96
1/22/2018 16:00:00,42.75
1/23/2018 16:00:00,42.61
1/24/2018 16:00:00,42.84
1/25/2018 16:00:00,42.89
1/26/2018 16:00:00,43.59
1/29/2018 16:00:00,43.11
1/30/2018 16:00:00,42.48
1/31/2018 16:00:00,42.95
2/1/2018 16:00:00,42.46
2/2/2018 16:00:00,41.43
2/5/2018 16:00:00,40.6
2/6/2018 16:00:00,42
2/7/2018 16:00:00,42.19
2/8/2018 16:00:00,41.35
2/9/2018 16:00:00,41.49
2/12/2018 16:00:00,41.27
2/13/2018 16:00:00,41.34
2/14/2018 16:00:00,41.82
2/15/2018 16:00:00,43.2
2/16/2018 16:00:00,43.13
2/20/2018 16:00:00,42.57
2/21/2018 16:00:00,42.12
2/22/2018 16:00:00,41.76
2/23/2018 16:00:00,42.57
2/26/2018 16:00:00,42.17
2/27/2018 16:00:00,41.64
2/28/2018 16:00:00,41.52
3/1/2018 16:00:00,41.25
3/2/2018 16:00:00,42.2
3/5/2018 16:00:00,42.72
3/6/2018 16:00:00,43.12
3/7/2018 16:00:00,43.03
3/8/2018 16:00:00,43.29
3/9/2018 16:00:00,43.3
3/12/2018 16:00:00,44.53
3/13/2018 16:00:00,44.24
3/14/2018 16:00:00,43.77
3/15/2018 16:00:00,43.26
3/16/2018 16:00:00,43.5
3/19/2018 16:00:00,43.06
3/20/2018 16:00:00,42.97
3/21/2018 16:00:00,42.62
3/22/2018 16:00:00,41.94
3/23/2018 16:00:00,42.05
3/26/2018 16:00:00,42.83
3/27/2018 16:00:00,42.87
3/28/2018 16:00:00,42.8
3/29/2018 16:00:00,43.37
4/2/2018 16:00:00,42.27
4/3/2018 16:00:00,43.12
4/4/2018 16:00:00,43.9
4/5/2018 16:00:00,44.43
4/6/2018 16:00:00,44.33
4/9/2018 16:00:00,44.22
4/10/2018 16:00:00,44.14
4/11/2018 16:00:00,44.13
4/12/2018 16:00:00,45.3
4/13/2018 16:00:00,45.2
4/16/2018 16:00:00,45.47
4/17/2018 16:00:00,45.69
4/18/2018 16:00:00,45.65
4/19/2018 16:00:00,45.79
4/20/2018 16:00:00,45.5
4/23/2018 16:00:00,45.49
4/24/2018 16:00:00,45.16
4/25/2018 16:00:00,45.84
4/26/2018 16:00:00,45.85
4/27/2018 16:00:00,46.05
4/30/2018 16:00:00,45.38
5/1/2018 16:00:00,45.03
5/2/2018 16:00:00,44.43
5/3/2018 16:00:00,43.6
5/4/2018 16:00:00,43.86
5/7/2018 16:00:00,43.69
5/8/2018 16:00:00,43.95
5/9/2018 16:00:00,43.7
5/10/2018 16:00:00,43.9
5/11/2018 16:00:00,43.98
5/14/2018 16:00:00,44.42
5/15/2018 16:00:00,44.41
5/16/2018 16:00:00,44.52
5/17/2018 16:00:00,44.91
5/18/2018 16:00:00,45.02
5/21/2018 16:00:00,45.17
5/22/2018 16:00:00,44.91
5/23/2018 16:00:00,44.8
5/24/2018 16:00:00,44.81
5/25/2018 16:00:00,44.55
5/29/2018 16:00:00,43.79
5/30/2018 16:00:00,44.28
5/31/2018 16:00:00,43.72
6/1/2018 16:00:00,43.82
6/4/2018 16:00:00,44.09
6/5/2018 16:00:00,44.23
6/6/2018 16:00:00,44.79
6/7/2018 16:00:00,44.69
6/8/2018 16:00:00,44.85
6/11/2018 16:00:00,45.51
6/12/2018 16:00:00,45.1
6/13/2018 16:00:00,45.28
6/14/2018 16:00:00,45.24
6/15/2018 16:00:00,46.03
6/18/2018 16:00:00,46.19
6/19/2018 16:00:00,46.07
6/20/2018 16:00:00,46.17
6/21/2018 16:00:00,46
6/22/2018 16:00:00,46.53
6/25/2018 16:00:00,46.26
6/26/2018 16:00:00,46.23
6/27/2018 16:00:00,46.27
6/28/2018 16:00:00,46.19
6/29/2018 16:00:00,45.83
7/2/2018 16:00:00,45.23
7/3/2018 13:00:00,45.66
7/5/2018 16:00:00,46.34
7/6/2018 16:00:00,46.71
7/9/2018 16:00:00,47.27
7/10/2018 16:00:00,47.94
7/11/2018 16:00:00,47.85
7/12/2018 16:00:00,47.9
7/13/2018 16:00:00,47.57
7/16/2018 16:00:00,47.17
7/17/2018 16:00:00,47.72
7/18/2018 16:00:00,47.31
7/19/2018 16:00:00,47.25
7/20/2018 16:00:00,47.12
7/23/2018 16:00:00,47.23
7/24/2018 16:00:00,47.3
7/25/2018 16:00:00,47.24
7/26/2018 16:00:00,47.71
7/27/2018 16:00:00,47.61
7/30/2018 16:00:00,47.35
7/31/2018 16:00:00,48.26
8/1/2018 16:00:00,48.11
8/2/2018 16:00:00,49.34
8/3/2018 16:00:00,49.95
8/6/2018 16:00:00,50.06
8/7/2018 16:00:00,50.25
8/8/2018 16:00:00,49.97
8/9/2018 16:00:00,50.24
8/10/2018 16:00:00,49.87
8/13/2018 16:00:00,49.32
8/14/2018 16:00:00,49.94
8/15/2018 16:00:00,49.44
8/16/2018 16:00:00,50.15
8/17/2018 16:00:00,50.55
8/20/2018 16:00:00,50.77
8/21/2018 16:00:00,50.74
8/22/2018 16:00:00,50.5
8/23/2018 16:00:00,50.51
8/24/2018 16:00:00,50.7
8/27/2018 16:00:00,50.78
8/28/2018 16:00:00,50.45
8/29/2018 16:00:00,50.4
8/30/2018 16:00:00,50.38
8/31/2018 16:00:00,50.4
9/4/2018 16:00:00,50.08
9/5/2018 16:00:00,49.83
9/6/2018 16:00:00,49.41
9/7/2018 16:00:00,49.31
9/10/2018 16:00:00,49.7
9/11/2018 16:00:00,49.75
9/12/2018 16:00:00,49.89
9/13/2018 16:00:00,50
9/14/2018 16:00:00,50.04
9/17/2018 16:00:00,49.78
9/18/2018 16:00:00,49.62
9/19/2018 16:00:00,49.94
9/20/2018 16:00:00,50.33
9/21/2018 16:00:00,50.32
9/24/2018 16:00:00,49.62
9/25/2018 16:00:00,49.64
9/26/2018 16:00:00,49.35
9/27/2018 16:00:00,49.45
9/28/2018 16:00:00,50.27
10/1/2018 16:00:00,50.11
10/2/2018 16:00:00,50.41
10/3/2018 16:00:00,50.45
10/4/2018 16:00:00,50.46
10/5/2018 16:00:00,51.07
10/8/2018 16:00:00,51.79
10/9/2018 16:00:00,51.45
10/10/2018 16:00:00,50.14
10/11/2018 16:00:00,48.67
10/12/2018 16:00:00,48.83
10/15/2018 16:00:00,49.04
10/16/2018 16:00:00,49.3
10/17/2018 16:00:00,49.03
10/18/2018 16:00:00,49.21
10/19/2018 16:00:00,49.54
10/22/2018 16:00:00,48.91
10/23/2018 16:00:00,49.06
10/24/2018 16:00:00,47.75
10/25/2018 16:00:00,47.9
10/26/2018 16:00:00,46.46
10/29/2018 16:00:00,47.01
10/30/2018 16:00:00,48
10/31/2018 16:00:00,47.25
11/1/2018 16:00:00,48.72
11/2/2018 16:00:00,48
11/5/2018 16:00:00,48.1
11/6/2018 16:00:00,47.33
11/7/2018 16:00:00,48.3
11/8/2018 16:00:00,48.57
11/9/2018 16:00:00,48.26
11/12/2018 16:00:00,47.94
11/13/2018 16:00:00,48.02
11/14/2018 16:00:00,46.6
11/15/2018 16:00:00,46.13
11/16/2018 16:00:00,46.38
11/19/2018 16:00:00,46.31
11/20/2018 16:00:00,45.66
11/21/2018 16:00:00,45.6
11/23/2018 13:00:00,45.2
11/26/2018 16:00:00,45.52
11/27/2018 16:00:00,46.07
11/28/2018 16:00:00,46
11/29/2018 16:00:00,46.04
11/30/2018 16:00:00,46.02
12/3/2018 16:00:00,46.84
12/4/2018 16:00:00,45.61
12/6/2018 16:00:00,45.53
12/7/2018 16:00:00,44.46
12/10/2018 16:00:00,44.59
12/11/2018 16:00:00,44.55
12/12/2018 16:00:00,45.19
12/13/2018 16:00:00,44.93
12/14/2018 16:00:00,44.61
12/17/2018 16:00:00,43.38
12/18/2018 16:00:00,42.84
12/19/2018 16:00:00,42.4
12/20/2018 16:00:00,41.23
12/21/2018 16:00:00,40.8
12/24/2018 13:00:00,39.62
12/26/2018 16:00:00,40.67
12/27/2018 16:00:00,40.96
12/28/2018 16:00:00,40.78
12/31/2018 16:00:00,40.97
1/2/2019 16:00:00,40.95
1/3/2019 16:00:00,40.77
1/4/2019 16:00:00,41.71
1/7/2019 16:00:00,41.92
1/8/2019 16:00:00,42.7
1/9/2019 16:00:00,43.07
1/10/2019 16:00:00,43.37
1/11/2019 16:00:00,43.16
1/14/2019 16:00:00,42.85
1/15/2019 16:00:00,43.48
1/16/2019 16:00:00,43.3
1/17/2019 16:00:00,43.41
1/18/2019 16:00:00,44.26
1/22/2019 16:00:00,43.56
1/23/2019 16:00:00,43.71
1/24/2019 16:00:00,43.67
1/25/2019 16:00:00,43.72
1/28/2019 16:00:00,44.17
1/29/2019 16:00:00,44.21
1/30/2019 16:00:00,44.69
1/31/2019 16:00:00,44.9
2/1/2019 16:00:00,44.89
2/4/2019 16:00:00,44.49
2/5/2019 16:00:00,41.85
2/6/2019 16:00:00,41.87
2/7/2019 16:00:00,41.4
2/8/2019 16:00:00,41.76
2/11/2019 16:00:00,42.01
2/12/2019 16:00:00,42.34
2/13/2019 16:00:00,42.4
2/14/2019 16:00:00,42.24
2/15/2019 16:00:00,41.98
2/19/2019 16:00:00,41.85
2/20/2019 16:00:00,41.97
2/21/2019 16:00:00,42.57
2/22/2019 16:00:00,42.49
2/25/2019 16:00:00,42.43
2/26/2019 16:00:00,42.32
2/27/2019 16:00:00,42.62
2/28/2019 16:00:00,42.5
3/1/2019 16:00:00,42.43
3/4/2019 16:00:00,42.24
3/5/2019 16:00:00,42.25
3/6/2019 16:00:00,42.13
3/7/2019 16:00:00,42.17
3/8/2019 16:00:00,41.92
3/11/2019 16:00:00,42.84
3/12/2019 16:00:00,42.91
3/13/2019 16:00:00,43.27
3/14/2019 16:00:00,43.35
3/15/2019 16:00:00,43.18
3/18/2019 16:00:00,42.48
3/19/2019 16:00:00,43.01
3/20/2019 16:00:00,42.3
3/21/2019 16:00:00,42.88
3/22/2019 16:00:00,42.62
3/25/2019 16:00:00,42.35
3/26/2019 16:00:00,42.29
3/27/2019 16:00:00,42.49
3/28/2019 16:00:00,42.72
3/29/2019 16:00:00,43.13
4/1/2019 16:00:00,42.68
4/2/2019 16:00:00,42.26
4/3/2019 16:00:00,42.22
4/4/2019 16:00:00,42.73
4/5/2019 16:00:00,42.93
4/8/2019 16:00:00,43.09
4/9/2019 16:00:00,42.78
4/10/2019 16:00:00,43.24
4/11/2019 16:00:00,43.29
4/12/2019 16:00:00,43.38
4/15/2019 16:00:00,43.34
4/16/2019 16:00:00,42.98
4/17/2019 16:00:00,43.04
4/18/2019 16:00:00,42.76
4/22/2019 16:00:00,42.66
4/23/2019 16:00:00,42.7
4/24/2019 16:00:00,42.78
4/25/2019 16:00:00,41.72
4/26/2019 16:00:00,40.91
4/29/2019 16:00:00,43.27
4/30/2019 16:00:00,44.6
5/1/2019 16:00:00,44.07
5/2/2019 16:00:00,43.54
5/3/2019 16:00:00,43.67
5/6/2019 16:00:00,43.09
5/7/2019 16:00:00,42.71
5/8/2019 16:00:00,42.42
5/9/2019 16:00:00,42.56
5/10/2019 16:00:00,42.43
5/13/2019 16:00:00,40.69
5/14/2019 16:00:00,40.85
5/15/2019 16:00:00,40.98
5/16/2019 16:00:00,41.26
5/17/2019 16:00:00,40.68
5/20/2019 16:00:00,39.82
5/21/2019 16:00:00,40.18
5/22/2019 16:00:00,39.92
5/23/2019 16:00:00,39.21
5/24/2019 16:00:00,39.16
5/28/2019 16:00:00,38.58
5/29/2019 16:00:00,38.54
5/30/2019 16:00:00,38.46
5/31/2019 16:00:00,38.32
6/3/2019 16:00:00,38.98
6/4/2019 16:00:00,39.63
6/5/2019 16:00:00,39.27
6/6/2019 16:00:00,39.71
6/7/2019 16:00:00,39.58
6/10/2019 16:00:00,40.06
6/11/2019 16:00:00,40.17
6/12/2019 16:00:00,40.72
6/13/2019 16:00:00,41.01
6/14/2019 16:00:00,40.79
6/17/2019 16:00:00,40.74
6/18/2019 16:00:00,41.2
6/19/2019 16:00:00,40.71
6/20/2019 16:00:00,41.3
6/21/2019 16:00:00,41.08
6/24/2019 16:00:00,40.73
6/25/2019 16:00:00,40.42
6/26/2019 16:00:00,40.5
6/27/2019 16:00:00,40.57
6/28/2019 16:00:00,40.8
7/1/2019 16:00:00,41.4
7/2/2019 16:00:00,41.49
7/3/2019 13:00:00,41.87
7/5/2019 16:00:00,41.94
7/8/2019 16:00:00,41.84
7/9/2019 16:00:00,41.77
7/10/2019 16:00:00,41.8
7/11/2019 16:00:00,41.73
7/12/2019 16:00:00,41.92
7/15/2019 16:00:00,41.74
7/16/2019 16:00:00,40.82
7/17/2019 16:00:00,40.31
7/18/2019 16:00:00,40.16
7/19/2019 16:00:00,40.25
7/22/2019 16:00:00,40.38
7/23/2019 16:00:00,40.54
7/24/2019 16:00:00,40.57
7/25/2019 16:00:00,40.68
7/26/2019 16:00:00,40.59
7/29/2019 16:00:00,40.9
7/30/2019 16:00:00,40.95
7/31/2019 16:00:00,41.08
8/1/2019 16:00:00,41.15
8/2/2019 16:00:00,40.07
8/5/2019 16:00:00,37.78
8/6/2019 16:00:00,37.42
8/7/2019 16:00:00,37.28
8/8/2019 16:00:00,38.3
8/9/2019 16:00:00,38.36
8/12/2019 16:00:00,37.4
8/13/2019 16:00:00,37.76
8/14/2019 16:00:00,36.77
8/15/2019 16:00:00,36.76
8/16/2019 16:00:00,37.84
8/19/2019 16:00:00,38.03
8/20/2019 16:00:00,37.48
8/21/2019 16:00:00,37.69
8/22/2019 16:00:00,37.93
8/23/2019 16:00:00,37.43
8/26/2019 16:00:00,37.81
8/27/2019 16:00:00,37.42
8/28/2019 16:00:00,37.57
8/29/2019 16:00:00,37.73
8/30/2019 16:00:00,38.05
9/3/2019 16:00:00,37.99
9/4/2019 16:00:00,38.24
9/5/2019 16:00:00,38.63
9/6/2019 16:00:00,38.71
9/9/2019 16:00:00,39.67
9/10/2019 16:00:00,40.29
9/11/2019 16:00:00,41.05
9/12/2019 16:00:00,41.45
9/13/2019 16:00:00,41.63
9/16/2019 16:00:00,41.96
9/17/2019 16:00:00,41.79
9/18/2019 16:00:00,41.67
9/19/2019 16:00:00,40.9
9/20/2019 16:00:00,40.9
9/23/2019 16:00:00,40.4
9/24/2019 16:00:00,39.93
9/25/2019 16:00:00,40.48
9/26/2019 16:00:00,40.86
9/27/2019 16:00:00,40.94
9/30/2019 16:00:00,41.07
10/1/2019 16:00:00,40.33
10/2/2019 16:00:00,39.72
10/3/2019 16:00:00,39.53
10/4/2019 16:00:00,40.35
10/7/2019 16:00:00,39.78
10/8/2019 16:00:00,38.4
10/9/2019 16:00:00,38.93
10/10/2019 16:00:00,39.77
10/11/2019 16:00:00,40.46
10/14/2019 16:00:00,40.2
10/15/2019 16:00:00,40.33
10/16/2019 16:00:00,39.7
10/17/2019 16:00:00,39.85
10/18/2019 16:00:00,39.64
10/21/2019 16:00:00,40.4
10/22/2019 16:00:00,40.56
10/23/2019 16:00:00,40.73
10/24/2019 16:00:00,40.54
10/25/2019 16:00:00,41.01
10/28/2019 16:00:00,41.3
10/29/2019 16:00:00,41.51
10/30/2019 16:00:00,40.53
10/31/2019 16:00:00,42.04
11/1/2019 16:00:00,42.43
11/4/2019 16:00:00,43.06
11/5/2019 16:00:00,42.97
11/6/2019 16:00:00,42.88
11/7/2019 16:00:00,43.54
11/8/2019 16:00:00,43.31
11/11/2019 16:00:00,43.53
11/12/2019 16:00:00,43.24
11/13/2019 16:00:00,42.82
11/14/2019 16:00:00,42.78
11/15/2019 16:00:00,42.87
11/18/2019 16:00:00,42.84
11/19/2019 16:00:00,43.08
11/20/2019 16:00:00,42.5
11/21/2019 16:00:00,42.82
11/22/2019 16:00:00,42.72
11/25/2019 16:00:00,43.08
11/26/2019 16:00:00,42.75
11/27/2019 16:00:00,42.94
11/29/2019 13:00:00,42.93
12/2/2019 16:00:00,43.29
12/3/2019 16:00:00,42.92
12/4/2019 16:00:00,42.93
12/5/2019 16:00:00,43.15
12/6/2019 16:00:00,43.91
12/9/2019 16:00:00,44.07
12/10/2019 16:00:00,44
12/11/2019 16:00:00,44.23
12/12/2019 16:00:00,44.91
12/13/2019 16:00:00,45.2
12/16/2019 16:00:00,45.98
12/17/2019 16:00:00,46.21
12/18/2019 16:00:00,45.31
12/19/2019 16:00:00,45.64
12/20/2019 16:00:00,45.79
12/23/2019 16:00:00,46.02
12/24/2019 13:00:00,46.08
12/26/2019 16:00:00,46.2
12/27/2019 16:00:00,46.3
12/30/2019 16:00:00,46.12